"id_atencion_por_departamento","id_departamento","codigo_cie","hombres","mujeres","ignorado","id_tipo_servicios"
1,"1",N18,11727,5396,0,1
2,"1",O82,0,5258,0,1
3,"1",U07,2692,2456,0,1
4,"1",Z38,2099,2478,24,1
5,"1",Z98,1491,2101,4,1
6,"1",K81,602,1966,3,1
7,"1",A09,1015,1439,6,1
8,"1",Z41,340,1947,0,1
9,"1",M79,685,802,1,1
10,"1",K35,556,783,5,1
11,"1",Z01,523,699,3,1
12,"1",D25,0,1183,0,1
13,"1",T14,437,563,1,1
14,"1",T07,551,443,2,1
15,"1",N85,0,991,0,1
16,"1",M54,405,530,2,1
17,"1",I10,312,580,3,1
18,"1",H26,404,484,0,1
19,"1",N39,237,642,1,1
20,"1",J18,447,407,2,1
21,"1",K37,293,460,8,1
22,"1",O06,0,759,0,1
23,"1",K40,484,270,2,1
24,"1",K80,157,576,4,1
25,"1",J34,346,373,0,1
26,"1",E14,240,338,5,1
27,"1",N20,260,259,0,1
28,"1",O80,0,502,0,1
29,"1",M17,197,291,2,1
30,"1",N40,479,0,0,1
31,"1",R99,4965,6784,1,1
32,"2",O82,0,201,0,1
33,"2",A09,41,55,0,1
34,"2",K81,19,74,0,1
35,"2",J18,22,36,0,1
36,"2",S09,24,32,0,1
37,"2",Z38,30,26,0,1
38,"2",N39,22,29,1,1
39,"2",I10,20,29,0,1
40,"2",N12,11,31,0,1
41,"2",K35,21,20,0,1
42,"2",N23,21,18,0,1
43,"2",L03,21,16,0,1
44,"2",N85,0,31,0,1
45,"2",Z98,10,21,0,1
46,"2",K80,11,18,0,1
47,"2",D25,0,28,0,1
48,"2",S52,22,6,0,1
49,"2",E14,13,13,0,1
50,"2",M54,11,15,0,1
51,"2",K92,13,12,0,1
52,"2",O06,0,25,0,1
53,"2",C49,0,24,0,1
54,"2",K40,17,7,0,1
55,"2",U07,17,7,0,1
56,"2",T14,12,9,0,1
57,"2",C74,19,0,0,1
58,"2",T78,3,16,0,1
59,"2",E87,7,10,0,1
60,"2",N40,17,0,0,1
61,"2",K37,5,11,0,1
62,"2",R99,88,114,0,1
63,"3",O82,0,266,0,1
64,"3",Z38,103,143,0,1
65,"3",A09,55,73,0,1
66,"3",K80,27,92,0,1
67,"3",Z98,58,55,0,1
68,"3",K81,24,79,0,1
69,"3",K37,38,60,0,1
70,"3",U07,47,31,0,1
71,"3",N85,0,76,0,1
72,"3",C91,42,27,0,1
73,"3",H26,25,42,0,1
74,"3",N18,3,59,0,1
75,"3",Z01,25,35,0,1
76,"3",E14,19,38,0,1
77,"3",D25,0,52,0,1
78,"3",O06,0,52,0,1
79,"3",K40,37,13,0,1
80,"3",J18,23,22,0,1
81,"3",N39,9,35,0,1
82,"3",K35,24,19,0,1
83,"3",S82,19,20,0,1
84,"3",K42,14,20,0,1
85,"3",O80,0,34,0,1
86,"3",K46,12,16,0,1
87,"3",Z41,8,20,0,1
88,"3",K31,8,19,0,1
89,"3",S72,8,19,0,1
90,"3",M17,8,18,0,1
91,"3",H57,11,14,0,1
92,"3",F10,18,6,0,1
93,"3",R99,75,76,0,1
94,"4",O82,0,512,0,1
95,"4",Z38,226,217,0,1
96,"4",N18,225,4,0,1
97,"4",K81,33,125,0,1
98,"4",K37,61,85,0,1
99,"4",A09,52,67,0,1
100,"4",C91,54,65,0,1
101,"4",K29,29,57,0,1
102,"4",H26,37,43,0,1
103,"4",N85,0,74,0,1
104,"4",K80,17,47,0,1
105,"4",N39,17,47,0,1
106,"4",K40,34,28,0,1
107,"4",O80,0,59,0,1
108,"4",Z98,27,31,0,1
109,"4",O06,0,55,0,1
110,"4",K35,21,32,0,1
111,"4",U07,26,26,0,1
112,"4",E14,16,32,0,1
113,"4",K46,22,19,0,1
114,"4",N40,37,0,0,1
115,"4",N63,0,34,0,1
116,"4",N83,0,32,0,1
117,"4",S52,26,6,0,1
118,"4",K31,7,24,0,1
119,"4",Q36,22,9,0,1
120,"4",J18,11,19,0,1
121,"4",D25,0,29,0,1
122,"4",I10,7,21,0,1
123,"4",K42,10,15,0,1
124,"4",R99,64,110,0,1
125,"5",O82,0,1348,0,1
126,"5",Z38,524,547,14,1
127,"5",N18,507,168,0,1
128,"5",K81,39,216,0,1
129,"5",Z98,85,125,0,1
130,"5",K35,100,108,0,1
131,"5",A09,78,107,0,1
132,"5",E14,64,96,0,1
133,"5",N39,32,105,0,1
134,"5",D25,0,136,0,1
135,"5",J18,59,70,0,1
136,"5",N85,0,127,0,1
137,"5",U07,66,60,0,1
138,"5",K40,100,25,0,1
139,"5",K37,56,63,0,1
140,"5",K80,15,104,0,1
141,"5",O06,0,119,0,1
142,"5",O80,0,117,0,1
143,"5",S52,60,39,0,1
144,"5",I10,32,59,0,1
145,"5",S82,59,32,0,1
146,"5",N20,40,37,0,1
147,"5",S09,41,28,0,1
148,"5",C91,40,28,0,1
149,"5",T14,30,38,0,1
150,"5",A04,26,39,0,1
151,"5",K46,34,29,0,1
152,"5",S42,38,24,0,1
153,"5",E86,27,34,0,1
154,"5",N83,0,61,0,1
155,"5",R99,151,244,0,1
156,"6",O82,0,288,0,1
157,"6",Z38,102,111,0,1
158,"6",K81,13,62,0,1
159,"6",N18,6,62,0,1
160,"6",A09,32,27,0,1
161,"6",N85,0,58,0,1
162,"6",N39,14,41,0,1
163,"6",H26,25,28,0,1
164,"6",U07,19,31,1,1
165,"6",J18,22,27,0,1
166,"6",K80,9,40,0,1
167,"6",C91,14,25,0,1
168,"6",I10,17,22,0,1
169,"6",K40,26,11,0,1
170,"6",E14,9,27,0,1
171,"6",K35,14,21,0,1
172,"6",D25,0,34,0,1
173,"6",Z98,16,18,0,1
174,"6",O80,0,31,0,1
175,"6",K37,10,15,0,1
176,"6",O06,0,25,0,1
177,"6",S72,10,13,0,1
178,"6",T14,10,12,1,1
179,"6",M17,10,11,0,1
180,"6",S82,12,8,0,1
181,"6",K31,2,16,0,1
182,"6",K46,11,7,0,1
183,"6",S52,9,9,0,1
184,"6",I87,2,15,0,1
185,"6",N73,0,16,0,1
186,"6",R99,38,54,0,1
187,"7",Z38,284,269,0,1
188,"7",O82,0,395,0,1
189,"7",O66,0,108,0,1
190,"7",O80,0,84,0,1
191,"7",K35,35,48,0,1
192,"7",U07,53,29,0,1
193,"7",O06,0,72,0,1
194,"7",Z98,24,40,0,1
195,"7",A09,20,32,0,1
196,"7",C91,17,25,0,1
197,"7",N85,0,41,0,1
198,"7",K80,9,31,0,1
199,"7",K81,6,31,0,1
200,"7",C22,32,2,0,1
201,"7",N39,5,23,0,1
202,"7",D25,0,27,0,1
203,"7",K37,12,14,0,1
204,"7",E11,7,16,0,1
205,"7",J18,13,9,0,1
206,"7",K40,16,5,0,1
207,"7",N83,0,21,0,1
208,"7",E14,7,13,0,1
209,"7",N12,1,14,0,1
210,"7",S52,11,4,0,1
211,"7",S72,8,7,0,1
212,"7",E86,7,6,0,1
213,"7",H26,12,1,0,1
214,"7",K46,8,5,0,1
215,"7",N40,13,0,0,1
216,"7",D64,2,10,0,1
217,"7",R99,24,63,0,1
218,"8",Z38,328,308,0,1
219,"8",O82,0,504,0,1
220,"8",K35,58,90,0,1
221,"8",O80,0,142,0,1
222,"8",O06,0,96,0,1
223,"8",K80,21,55,0,1
224,"8",K81,10,52,0,1
225,"8",K40,38,21,0,1
226,"8",N85,0,58,0,1
227,"8",A09,24,32,0,1
228,"8",H26,29,25,0,1
229,"8",D25,0,51,0,1
230,"8",C91,18,22,0,1
231,"8",N40,36,0,0,1
232,"8",N83,0,35,0,1
233,"8",O66,0,34,0,1
234,"8",E14,18,11,0,1
235,"8",J18,14,14,0,1
236,"8",K37,12,16,0,1
237,"8",K46,10,11,0,1
238,"8",S82,12,9,0,1
239,"8",A41,11,8,0,1
240,"8",C49,0,16,0,1
241,"8",Z98,5,11,0,1
242,"8",K42,5,10,0,1
243,"8",C92,0,14,0,1
244,"8",N39,3,10,0,1
245,"8",K85,6,6,0,1
246,"8",K92,4,8,0,1
247,"8",N12,1,11,0,1
248,"8",R99,24,37,0,1
249,"9",O82,0,1343,0,1
250,"9",Z38,613,573,12,1
251,"9",K80,105,228,0,1
252,"9",K35,147,177,1,1
253,"9",H26,168,126,0,1
254,"9",A09,144,147,0,1
255,"9",C91,124,111,0,1
256,"9",D25,0,228,0,1
257,"9",O80,0,214,0,1
258,"9",N39,47,149,0,1
259,"9",K81,54,132,0,1
260,"9",K40,104,65,1,1
261,"9",K37,64,103,0,1
262,"9",J18,88,74,1,1
263,"9",N40,146,0,0,1
264,"9",E14,50,89,0,1
265,"9",O06,0,127,0,1
266,"9",S82,74,47,0,1
267,"9",U07,72,46,0,1
268,"9",Z98,48,68,0,1
269,"9",S52,61,54,0,1
270,"9",A41,39,63,0,1
271,"9",N20,58,40,0,1
272,"9",N83,0,93,0,1
273,"9",E87,31,54,0,1
274,"9",T14,43,36,0,1
275,"9",I10,30,44,0,1
276,"9",A08,39,34,0,1
277,"9",J34,36,36,1,1
278,"9",S42,36,37,0,1
279,"9",R99,165,195,0,1
280,"10",Z38,575,611,5,1
281,"10",O82,0,873,0,1
282,"10",N74,0,213,0,1
283,"10",H26,94,96,0,1
284,"10",N18,175,15,0,1
285,"10",U07,83,91,15,1
286,"10",O06,0,185,0,1
287,"10",K80,38,124,0,1
288,"10",O80,0,146,0,1
289,"10",C91,68,74,0,1
290,"10",N85,0,134,0,1
291,"10",A09,53,74,0,1
292,"10",Z98,44,75,0,1
293,"10",E14,27,82,0,1
294,"10",N88,0,107,0,1
295,"10",E86,56,50,0,1
296,"10",K81,19,74,0,1
297,"10",K35,46,39,0,1
298,"10",K46,39,35,0,1
299,"10",S52,53,21,0,1
300,"10",J18,26,45,1,1
301,"10",K37,38,31,0,1
302,"10",A97,25,33,0,1
303,"10",I10,14,41,0,1
304,"10",E87,27,26,0,1
305,"10",T14,24,21,0,1
306,"10",N39,6,35,0,1
307,"10",S42,26,15,0,1
308,"10",K40,26,11,0,1
309,"10",S82,14,22,0,1
310,"10",R99,154,232,0,1
311,"11",Z38,503,536,8,1
312,"11",O82,0,999,0,1
313,"11",J18,192,185,1,1
314,"11",K37,121,156,0,1
315,"11",E14,113,126,0,1
316,"11",A09,102,108,0,1
317,"11",K81,69,127,1,1
318,"11",H26,81,56,0,1
319,"11",N39,44,86,0,1
320,"11",N85,0,130,0,1
321,"11",O06,0,125,0,1
322,"11",K46,65,54,0,1
323,"11",I10,48,50,0,1
324,"11",E87,46,50,0,1
325,"11",K80,32,63,1,1
326,"11",N83,0,67,0,1
327,"11",K92,28,33,1,1
328,"11",Z98,28,31,0,1
329,"11",S72,32,24,2,1
330,"11",E11,21,33,0,1
331,"11",N18,34,18,0,1
332,"11",J20,20,28,1,1
333,"11",K35,25,19,1,1
334,"11",C91,31,13,0,1
335,"11",N93,0,44,0,1
336,"11",K40,24,18,0,1
337,"11",A41,21,20,0,1
338,"11",S09,23,16,0,1
339,"11",A97,13,25,0,1
340,"11",S82,21,17,0,1
341,"11",R99,135,131,0,1
342,"12",O82,0,975,0,1
343,"12",Z38,369,337,0,1
344,"12",H26,337,310,0,1
345,"12",A09,133,158,0,1
346,"12",K80,44,190,0,1
347,"12",K37,100,131,0,1
348,"12",J18,103,112,0,1
349,"12",K81,44,166,0,1
350,"12",N39,35,172,0,1
351,"12",K35,65,120,0,1
352,"12",C91,64,96,0,1
353,"12",H40,73,76,0,1
354,"12",O80,0,140,0,1
355,"12",K40,90,49,0,1
356,"12",O06,0,135,0,1
357,"12",E14,44,89,0,1
358,"12",H11,76,53,0,1
359,"12",D25,0,119,0,1
360,"12",N85,0,113,0,1
361,"12",O66,0,111,0,1
362,"12",E11,28,62,0,1
363,"12",A04,40,43,0,1
364,"12",K46,43,37,1,1
365,"12",Z98,32,46,0,1
366,"12",I10,21,55,0,1
367,"12",S52,45,29,0,1
368,"12",S82,39,29,0,1
369,"12",K31,21,41,0,1
370,"12",N40,62,0,0,1
371,"12",S09,44,18,0,1
372,"12",R99,89,126,0,1
373,"13",O82,0,797,0,1
374,"13",Z38,325,369,0,1
375,"13",J18,154,131,0,1
376,"13",A09,126,134,0,1
377,"13",K80,52,132,0,1
378,"13",K37,88,94,0,1
379,"13",C91,60,92,0,1
380,"13",O06,0,144,0,1
381,"13",O80,0,133,0,1
382,"13",K81,33,97,0,1
383,"13",N85,0,130,0,1
384,"13",Z98,46,84,0,1
385,"13",I10,41,84,0,1
386,"13",N39,20,95,0,1
387,"13",E14,37,77,0,1
388,"13",O72,0,105,0,1
389,"13",K35,41,62,0,1
390,"13",H26,50,43,0,1
391,"13",E11,27,64,0,1
392,"13",D25,0,81,0,1
393,"13",A01,28,48,0,1
394,"13",N18,64,11,0,1
395,"13",Z01,27,45,0,1
396,"13",S09,51,20,0,1
397,"13",K40,48,20,0,1
398,"13",K46,35,32,0,1
399,"13",K31,16,44,0,1
400,"13",T14,26,31,0,1
401,"13",N12,12,43,0,1
402,"13",S52,40,15,0,1
403,"13",R99,136,266,0,1
404,"14",Z38,228,219,1,1
405,"14",O82,0,417,0,1
406,"14",K81,48,165,0,1
407,"14",K35,66,75,0,1
408,"14",A09,54,85,0,1
409,"14",J18,66,68,0,1
410,"14",K40,77,55,0,1
411,"14",C91,66,52,0,1
412,"14",O80,0,114,0,1
413,"14",N39,23,79,0,1
414,"14",E14,39,62,0,1
415,"14",K80,22,78,0,1
416,"14",K37,40,50,0,1
417,"14",O06,0,80,0,1
418,"14",D25,0,72,0,1
419,"14",F10,47,8,0,1
420,"14",K46,35,19,0,1
421,"14",Z98,25,29,0,1
422,"14",N85,0,53,0,1
423,"14",I10,20,29,0,1
424,"14",N40,48,0,0,1
425,"14",N81,0,48,0,1
426,"14",E87,22,25,0,1
427,"14",K31,13,34,0,1
428,"14",S52,26,21,0,1
429,"14",N12,10,32,0,1
430,"14",Q36,25,15,0,1
431,"14",C41,19,19,0,1
432,"14",O20,0,36,0,1
433,"14",K29,9,26,0,1
434,"14",R99,56,95,0,1
435,"15",O82,0,281,0,1
436,"15",Z38,87,100,0,1
437,"15",A09,70,71,2,1
438,"15",N39,29,93,0,1
439,"15",K37,32,37,2,1
440,"15",K81,12,53,0,1
441,"15",S52,37,28,0,1
442,"15",I10,22,39,2,1
443,"15",T14,38,25,0,1
444,"15",A97,31,27,0,1
445,"15",J06,28,30,0,1
446,"15",N18,56,1,0,1
447,"15",K80,5,48,1,1
448,"15",E14,14,36,0,1
449,"15",K35,21,29,0,1
450,"15",O80,0,47,0,1
451,"15",O06,0,43,0,1
452,"15",N85,0,41,0,1
453,"15",K40,20,14,1,1
454,"15",D25,0,34,0,1
455,"15",J18,15,18,0,1
456,"15",K31,9,23,0,1
457,"15",S72,16,16,0,1
458,"15",S82,15,17,0,1
459,"15",U07,21,4,0,1
460,"15",S42,14,10,0,1
461,"15",J03,12,10,0,1
462,"15",A06,6,15,0,1
463,"15",N20,10,10,1,1
464,"15",C91,0,20,0,1
465,"15",R99,46,95,1,1
466,"16",Z38,891,809,0,1
467,"16",O82,0,1412,0,1
468,"16",A09,152,159,0,1
469,"16",N39,86,201,0,1
470,"16",O80,0,256,0,1
471,"16",E14,122,114,0,1
472,"16",I10,91,90,0,1
473,"16",K80,42,107,1,1
474,"16",K35,63,59,0,1
475,"16",O20,0,108,0,1
476,"16",O23,0,100,0,1
477,"16",O06,0,98,0,1
478,"16",K81,19,69,0,1
479,"16",O60,0,77,0,1
480,"16",J18,37,37,0,1
481,"16",K31,28,40,0,1
482,"16",D25,0,56,0,1
483,"16",N20,40,14,0,1
484,"16",C91,5,45,0,1
485,"16",K37,24,25,0,1
486,"16",L03,30,18,0,1
487,"16",H26,25,19,0,1
488,"16",Q36,30,14,0,1
489,"16",K74,29,13,0,1
490,"16",N12,7,30,0,1
491,"16",K40,27,7,0,1
492,"16",N93,0,32,0,1
493,"16",N18,12,19,0,1
494,"16",A01,10,19,0,1
495,"16",Z98,7,21,0,1
496,"16",R99,71,73,0,1
497,"17",Z38,428,505,0,1
498,"17",O82,0,862,0,1
499,"17",K81,15,147,0,1
500,"17",N85,0,132,0,1
501,"17",U07,51,59,1,1
502,"17",K80,16,79,1,1
503,"17",O80,0,93,0,1
504,"17",E14,30,56,0,1
505,"17",I10,42,40,0,1
506,"17",T14,49,33,0,1
507,"17",N39,19,59,0,1
508,"17",K37,37,35,1,1
509,"17",D25,0,69,0,1
510,"17",A09,21,42,0,1
511,"17",K40,44,17,0,1
512,"17",K35,24,36,0,1
513,"17",O06,0,60,0,1
514,"17",S52,33,27,0,1
515,"17",S82,37,16,0,1
516,"17",C91,17,31,0,1
517,"17",S72,22,25,0,1
518,"17",J18,27,19,0,1
519,"17",N83,0,41,0,1
520,"17",E11,18,19,0,1
521,"17",S42,28,9,0,1
522,"17",K31,16,20,0,1
523,"17",N73,0,36,0,1
524,"17",Z98,14,22,0,1
525,"17",S09,25,9,0,1
526,"17",D64,14,17,0,1
527,"17",R99,33,49,0,1
528,"18",O82,0,667,0,1
529,"18",Z38,268,294,0,1
530,"18",K81,40,230,0,1
531,"18",E14,46,84,0,1
532,"18",I10,53,65,0,1
533,"18",Z98,39,58,0,1
534,"18",O06,0,96,0,1
535,"18",N39,27,67,0,1
536,"18",A09,46,46,0,1
537,"18",N85,0,82,0,1
538,"18",K35,28,50,0,1
539,"18",J18,34,35,0,1
540,"18",O80,0,66,0,1
541,"18",N83,0,65,0,1
542,"18",D64,16,39,0,1
543,"18",K40,39,16,0,1
544,"18",S82,33,20,0,1
545,"18",D25,0,52,0,1
546,"18",N20,28,23,0,1
547,"18",N40,48,0,0,1
548,"18",T14,21,27,0,1
549,"18",L02,26,21,0,1
550,"18",K80,9,35,0,1
551,"18",S72,22,18,0,1
552,"18",T07,25,15,0,1
553,"18",S52,20,18,0,1
554,"18",U07,14,22,0,1
555,"18",Z41,12,23,0,1
556,"18",C91,13,20,0,1
557,"18",E11,15,17,0,1
558,"18",R99,149,201,0,1
559,"19",Z38,351,317,0,1
560,"19",O82,0,604,0,1
561,"19",K81,61,191,0,1
562,"19",J18,73,92,1,1
563,"19",A09,77,72,0,1
564,"19",K35,46,74,0,1
565,"19",Z98,43,63,0,1
566,"19",N85,0,96,0,1
567,"19",N39,23,70,0,1
568,"19",O06,0,86,0,1
569,"19",K37,35,46,0,1
570,"19",N20,41,38,0,1
571,"19",E14,41,34,0,1
572,"19",H26,42,33,0,1
573,"19",I10,29,46,0,1
574,"19",S72,21,52,0,1
575,"19",D25,0,70,0,1
576,"19",S52,31,37,0,1
577,"19",K40,46,9,0,1
578,"19",K80,13,41,0,1
579,"19",Z41,10,43,0,1
580,"19",S82,30,22,0,1
581,"19",C91,12,39,0,1
582,"19",N40,50,0,0,1
583,"19",Z01,21,23,0,1
584,"19",K46,21,18,0,1
585,"19",I67,16,21,0,1
586,"19",O80,0,37,0,1
587,"19",E87,11,25,0,1
588,"19",S42,19,15,0,1
589,"19",R99,75,119,0,1
590,"20",O82,0,765,0,1
591,"20",Z38,336,288,2,1
592,"20",K81,79,258,0,1
593,"20",U07,84,79,0,1
594,"20",A09,61,68,0,1
595,"20",K37,59,64,0,1
596,"20",D25,0,116,0,1
597,"20",Z98,53,60,0,1
598,"20",K35,42,66,0,1
599,"20",I10,42,64,0,1
600,"20",J18,48,56,0,1
601,"20",N85,0,101,0,1
602,"20",N39,16,77,0,1
603,"20",H26,48,41,0,1
604,"20",E14,37,50,0,1
605,"20",N40,81,0,0,1
606,"20",S82,37,27,0,1
607,"20",K40,41,18,0,1
608,"20",S72,16,42,0,1
609,"20",E11,18,38,0,1
610,"20",O06,0,49,0,1
611,"20",N20,22,22,0,1
612,"20",I50,18,25,0,1
613,"20",K85,16,27,0,1
614,"20",O80,0,43,0,1
615,"20",S09,31,12,0,1
616,"20",S52,27,15,0,1
617,"20",F68,12,29,0,1
618,"20",K64,18,22,0,1
619,"20",K92,18,22,0,1
620,"20",R99,97,144,0,1
621,"21",Z38,189,189,1,1
622,"21",O82,0,378,0,1
623,"21",K37,55,60,0,1
624,"21",A09,52,60,1,1
625,"21",E14,32,63,0,1
626,"21",K80,14,80,0,1
627,"21",K81,15,75,0,1
628,"21",N85,0,81,0,1
629,"21",O80,0,81,0,1
630,"21",J18,41,32,0,1
631,"21",N18,59,4,0,1
632,"21",C91,26,34,0,1
633,"21",I10,21,39,0,1
634,"21",O06,0,60,0,1
635,"21",N39,12,37,0,1
636,"21",K40,34,13,0,1
637,"21",K35,18,27,0,1
638,"21",D25,0,44,0,1
639,"21",E87,13,26,0,1
640,"21",F10,33,6,0,1
641,"21",S52,16,21,2,1
642,"21",U07,21,9,0,1
643,"21",E11,10,18,0,1
644,"21",S82,11,17,0,1
645,"21",I67,15,9,0,1
646,"21",K46,15,9,0,1
647,"21",N40,24,0,0,1
648,"21",N83,0,23,0,1
649,"21",S72,6,16,1,1
650,"21",K31,6,16,0,1
651,"21",R99,52,72,1,1
652,"22",Z38,328,349,6,1
653,"22",O82,0,682,0,1
654,"22",K81,44,254,2,1
655,"22",O72,0,264,0,1
656,"22",N39,48,131,0,1
657,"22",Z98,76,99,0,1
658,"22",U07,83,88,0,1
659,"22",A09,58,104,0,1
660,"22",N85,0,155,0,1
661,"22",J18,71,69,0,1
662,"22",N18,123,14,0,1
663,"22",E14,52,84,0,1
664,"22",O06,0,135,0,1
665,"22",I10,57,72,0,1
666,"22",K37,38,88,1,1
667,"22",K80,25,95,0,1
668,"22",O80,0,118,0,1
669,"22",K35,55,56,0,1
670,"22",D25,0,91,0,1
671,"22",K40,52,34,0,1
672,"22",S72,31,49,0,1
673,"22",H26,27,38,0,1
674,"22",E87,16,46,1,1
675,"22",S82,32,22,0,1
676,"22",S52,28,23,0,1
677,"22",K92,21,26,0,1
678,"22",F10,42,3,0,1
679,"22",N73,0,44,0,1
680,"22",N83,0,42,0,1
681,"22",C91,12,27,0,1
682,"22",R99,81,135,0,1
683,"23",H26,101,90,0,1
684,"23",O82,0,92,0,1
685,"23",Z38,30,23,0,1
686,"23",K81,12,30,0,1
687,"23",H40,15,20,0,1
688,"23",H11,14,17,0,1
689,"23",Z41,6,18,0,1
690,"23",Z98,12,11,0,1
691,"23",A09,6,11,0,1
692,"23",N85,0,16,0,1
693,"23",E14,3,12,0,1
694,"23",T14,3,11,0,1
695,"23",N40,13,0,0,1
696,"23",I10,3,9,0,1
697,"23",D25,0,11,0,1
698,"23",K37,5,6,0,1
699,"23",N81,0,11,0,1
700,"23",H57,7,3,0,1
701,"23",K40,9,1,0,1
702,"23",K35,3,6,0,1
703,"23",K80,3,6,0,1
704,"23",S82,6,3,0,1
705,"23",H33,2,6,0,1
706,"23",N83,0,8,0,1
707,"23",S09,5,3,0,1
708,"23",K92,5,2,0,1
709,"23",N20,7,0,0,1
710,"23",Z94,5,2,0,1
711,"23",J18,2,4,0,1
712,"23",K64,3,3,0,1
713,"23",R99,12,18,0,1
714,"99",N81,0,1,0,1
715,"99",O82,0,1,0,1
716,"99",Z38,5,7,2,1
717,"99",Z41,0,1,0,1
718,"1",N18,43976,21281,3060,2
719,"1",Z01,2386,40042,30,2
720,"1",H52,9527,15583,65,2
721,"1",Z71,2744,12178,19,2
722,"1",Z34,0,13526,0,2
723,"1",Z76,5770,6519,3,2
724,"1",L70,3039,5553,0,2
725,"1",H40,3207,5292,5,2
726,"1",A09,3715,3850,17,2
727,"1",N39,1061,5539,14,2
728,"1",N89,0,6238,0,2
729,"1",H10,2684,3372,5,2
730,"1",E14,2027,3322,5,2
731,"1",Z33,0,5171,0,2
732,"1",Z30,105,4877,0,2
733,"1",N72,0,4895,0,2
734,"1",C91,2743,2089,0,2
735,"1",Z96,1702,3064,7,2
736,"1",Z98,2026,2592,0,2
737,"1",I10,1564,2933,17,2
738,"1",U07,2201,2258,4,2
739,"1",J00,2088,2233,6,2
740,"1",N92,0,3850,0,2
741,"1",H35,1515,2305,3,2
742,"1",H04,1128,2451,6,2
743,"1",H26,1350,2135,12,2
744,"1",K02,1457,1758,0,2
745,"1",B07,1221,1848,2,2
746,"1",L81,386,2642,0,2
747,"1",H25,968,2032,16,2
748,"1",R99,6930,12706,24,2
749,"2",N18,433,407,34,2
750,"2",Z01,21,474,0,2
751,"2",I10,140,315,1,2
752,"2",Z71,102,261,0,2
753,"2",N39,104,232,0,2
754,"2",E14,99,224,1,2
755,"2",A09,124,187,0,2
756,"2",Z34,0,226,0,2
757,"2",M54,77,139,0,2
758,"2",Z33,0,201,0,2
759,"2",H52,77,113,0,2
760,"2",M79,43,115,0,2
761,"2",H40,48,105,0,2
762,"2",J06,75,75,0,2
763,"2",U07,87,57,0,2
764,"2",N89,0,142,0,2
765,"2",K58,37,103,0,2
766,"2",K29,47,83,1,2
767,"2",Z98,72,55,0,2
768,"2",Z76,59,53,0,2
769,"2",N73,0,108,0,2
770,"2",N72,0,99,0,2
771,"2",K31,26,70,0,2
772,"2",H66,53,38,0,2
773,"2",K21,38,53,0,2
774,"2",E11,30,59,1,2
775,"2",B37,2,87,0,2
776,"2",K59,31,56,0,2
777,"2",F41,35,51,0,2
778,"2",J00,43,43,0,2
779,"2",R99,373,777,2,2
780,"3",N18,1565,1006,123,2
781,"3",H52,913,1446,2,2
782,"3",Z01,66,1795,0,2
783,"3",E14,399,742,0,2
784,"3",N39,201,708,0,2
785,"3",I10,263,544,0,2
786,"3",J06,391,369,0,2
787,"3",A09,317,326,0,2
788,"3",C91,459,155,0,2
789,"3",K02,237,328,0,2
790,"3",Z98,230,319,0,2
791,"3",H40,179,348,0,2
792,"3",M54,104,374,0,2
793,"3",H04,153,323,0,2
794,"3",L70,136,309,0,2
795,"3",K31,166,268,0,2
796,"3",Z30,7,423,0,2
797,"3",H10,191,182,0,2
798,"3",N76,0,368,0,2
799,"3",Z96,134,223,0,2
800,"3",K80,70,277,0,2
801,"3",Z33,0,329,0,2
802,"3",D25,0,327,0,2
803,"3",M15,73,247,0,2
804,"3",Z34,0,306,0,2
805,"3",Z76,155,145,0,2
806,"3",H26,124,175,0,2
807,"3",K29,123,176,0,2
808,"3",H00,109,188,0,2
809,"3",K58,69,216,0,2
810,"3",R99,538,932,0,2
811,"4",N18,1375,1764,70,2
812,"4",H52,663,1077,4,2
813,"4",Z01,138,1357,0,2
814,"4",N39,180,1053,0,2
815,"4",C91,642,465,0,2
816,"4",A09,428,457,0,2
817,"4",Z33,0,718,0,2
818,"4",U07,414,302,0,2
819,"4",E14,232,481,0,2
820,"4",H10,362,351,0,2
821,"4",Z96,272,298,0,2
822,"4",H40,232,337,0,2
823,"4",I10,180,368,0,2
824,"4",Z98,248,295,0,2
825,"4",K31,156,356,2,2
826,"4",K29,203,300,1,2
827,"4",H26,217,282,0,2
828,"4",H11,168,275,0,2
829,"4",H04,133,273,0,2
830,"4",Z34,0,360,0,2
831,"4",Z71,93,263,0,2
832,"4",E11,116,232,0,2
833,"4",K58,102,241,0,2
834,"4",H66,131,188,1,2
835,"4",Z76,144,146,0,2
836,"4",H00,117,170,0,2
837,"4",L70,90,196,0,2
838,"4",N89,0,278,0,2
839,"4",N76,0,272,0,2
840,"4",Z30,2,266,0,2
841,"4",R99,598,850,0,2
842,"5",N18,6005,1604,26,2
843,"5",Z01,72,3984,0,2
844,"5",Z34,0,1861,0,2
845,"5",N39,309,1402,5,2
846,"5",Z33,0,1317,0,2
847,"5",N72,0,1211,0,2
848,"5",N89,0,910,0,2
849,"5",I10,261,619,0,2
850,"5",B37,8,773,0,2
851,"5",H52,303,467,1,2
852,"5",C91,374,396,0,2
853,"5",A09,339,422,0,2
854,"5",E14,242,519,0,2
855,"5",N76,0,720,0,2
856,"5",K29,169,386,0,2
857,"5",N92,0,530,0,2
858,"5",E28,0,526,0,2
859,"5",H40,199,261,0,2
860,"5",Z98,203,235,0,2
861,"5",Z96,185,216,0,2
862,"5",Z30,1,388,0,2
863,"5",D25,0,357,0,2
864,"5",K58,46,306,0,2
865,"5",M54,110,219,0,2
866,"5",A97,123,191,0,2
867,"5",J18,119,173,0,2
868,"5",U07,156,120,1,2
869,"5",C53,0,264,0,2
870,"5",H35,94,155,0,2
871,"5",Z71,90,156,0,2
872,"5",R99,871,1721,0,2
873,"6",N19,6015,2421,0,2
874,"6",Z01,113,2570,0,2
875,"6",N39,205,1154,0,2
876,"6",H52,371,641,2,2
877,"6",N18,578,284,8,2
878,"6",I10,148,366,0,2
879,"6",H40,190,311,0,2
880,"6",E14,140,281,0,2
881,"6",H10,178,235,0,2
882,"6",A09,163,233,0,2
883,"6",H26,159,210,0,2
884,"6",N76,0,350,0,2
885,"6",Z34,0,329,0,2
886,"6",C91,170,145,0,2
887,"6",H04,84,189,0,2
888,"6",Z71,58,203,0,2
889,"6",H11,117,143,0,2
890,"6",Z96,114,134,0,2
891,"6",Z33,0,240,0,2
892,"6",Z98,93,134,0,2
893,"6",U07,126,88,0,2
894,"6",K02,102,109,0,2
895,"6",L70,79,130,0,2
896,"6",S05,131,74,0,2
897,"6",H01,78,121,0,2
898,"6",H00,64,109,0,2
899,"6",I87,9,161,0,2
900,"6",N72,0,166,0,2
901,"6",Z76,81,80,0,2
902,"6",H35,59,98,0,2
903,"6",R99,239,1635,0,2
904,"7",N18,938,347,11,2
905,"7",K02,426,670,0,2
906,"7",Z34,0,958,0,2
907,"7",Z33,0,762,0,2
908,"7",K31,261,408,0,2
909,"7",N39,115,392,0,2
910,"7",E11,144,357,0,2
911,"7",A09,223,259,1,2
912,"7",Z01,23,414,1,2
913,"7",I10,145,225,1,2
914,"7",J00,189,149,0,2
915,"7",E14,100,196,1,2
916,"7",C91,121,128,0,2
917,"7",Z00,153,96,0,2
918,"7",F41,113,128,0,2
919,"7",Z98,98,140,0,2
920,"7",H52,92,117,0,2
921,"7",N76,0,200,0,2
922,"7",E28,0,193,0,2
923,"7",K58,40,137,0,2
924,"7",B98,64,104,0,2
925,"7",U07,88,80,0,2
926,"7",M79,48,116,0,2
927,"7",M54,76,81,0,2
928,"7",K29,39,107,1,2
929,"7",T14,85,59,0,2
930,"7",J03,62,80,0,2
931,"7",D25,0,140,0,2
932,"7",K01,44,95,0,2
933,"7",H26,73,57,0,2
934,"7",R99,586,943,0,2
935,"8",N18,833,489,0,2
936,"8",Z01,11,602,0,2
937,"8",Z33,0,457,0,2
938,"8",N39,55,346,0,2
939,"8",Z34,0,276,0,2
940,"8",A09,104,158,0,2
941,"8",E14,97,147,0,2
942,"8",K31,86,158,0,2
943,"8",I10,70,133,0,2
944,"8",Z30,0,161,0,2
945,"8",N76,0,160,0,2
946,"8",H52,56,83,0,2
947,"8",Z98,67,68,0,2
948,"8",C91,105,13,0,2
949,"8",D25,0,99,0,2
950,"8",M54,47,44,0,2
951,"8",J03,41,47,0,2
952,"8",E28,0,87,0,2
953,"8",N72,0,87,0,2
954,"8",N83,0,84,0,2
955,"8",K29,24,49,0,2
956,"8",H10,25,45,0,2
957,"8",H26,40,30,0,2
958,"8",N89,0,70,0,2
959,"8",K58,18,50,0,2
960,"8",J06,23,43,0,2
961,"8",Z71,19,45,0,2
962,"8",E11,23,40,0,2
963,"8",H11,23,40,0,2
964,"8",M13,22,38,0,2
965,"8",R99,174,286,1,2
966,"9",N18,8062,6225,0,2
967,"9",Z34,0,2526,0,2
968,"9",N39,315,1784,1,2
969,"9",Z01,103,1529,1,2
970,"9",Z33,0,1532,0,2
971,"9",A09,655,689,2,2
972,"9",N89,0,1144,0,2
973,"9",H52,365,604,1,2
974,"9",N72,0,959,0,2
975,"9",K31,351,550,0,2
976,"9",E14,349,546,0,2
977,"9",N76,0,844,0,2
978,"9",J06,370,373,0,2
979,"9",I10,277,424,0,2
980,"9",C91,475,135,0,2
981,"9",U07,267,294,0,2
982,"9",A04,235,277,0,2
983,"9",J03,227,248,0,2
984,"9",Z71,123,313,0,2
985,"9",H10,196,234,0,2
986,"9",Z76,200,225,0,2
987,"9",N92,0,413,0,2
988,"9",Z30,2,411,0,2
989,"9",Z98,161,250,0,2
990,"9",K58,113,294,0,2
991,"9",H66,160,245,1,2
992,"9",B37,37,364,0,2
993,"9",H26,219,181,0,2
994,"9",E28,0,347,0,2
995,"9",B82,140,189,0,2
996,"9",R99,748,1931,0,2
997,"10",Z01,24,2549,0,2
998,"10",N18,937,440,19,2
999,"10",C91,206,325,0,2
1000,"10",N76,0,413,0,2
1001,"10",Z33,0,357,0,2
1002,"10",H26,165,190,0,2
1003,"10",N39,38,275,0,2
1004,"10",H52,118,192,0,2
1005,"10",N89,0,294,0,2
1006,"10",Z34,0,286,0,2
1007,"10",Z98,140,114,0,2
1008,"10",E14,85,166,0,2
1009,"10",H40,104,141,0,2
1010,"10",B37,2,235,0,2
1011,"10",U07,93,103,1,2
1012,"10",N95,0,169,0,2
1013,"10",Z96,46,115,0,2
1014,"10",A09,64,69,0,2
1015,"10",I10,43,86,0,2
1016,"10",H11,60,59,0,2
1017,"10",Z71,26,89,1,2
1018,"10",E28,0,112,0,2
1019,"10",C53,0,109,0,2
1020,"10",Z30,1,106,0,2
1021,"10",E11,25,75,0,2
1022,"10",C92,20,70,0,2
1023,"10",N72,0,83,0,2
1024,"10",N73,0,83,0,2
1025,"10",C50,2,77,0,2
1026,"10",H04,25,53,0,2
1027,"10",R99,140,394,0,2
1028,"11",N18,579,323,0,2
1029,"11",Z01,16,863,0,2
1030,"11",N39,93,675,0,2
1031,"11",N89,0,545,0,2
1032,"11",A09,209,278,0,2
1033,"11",H26,234,217,0,2
1034,"11",E14,147,267,0,2
1035,"11",H52,145,234,0,2
1036,"11",H40,128,192,0,2
1037,"11",Z98,198,101,0,2
1038,"11",I10,112,160,0,2
1039,"11",J18,122,133,0,2
1040,"11",C91,138,113,0,2
1041,"11",H10,102,128,0,2
1042,"11",Z33,0,226,0,2
1043,"11",E11,74,140,0,2
1044,"11",N81,0,209,0,2
1045,"11",H11,120,80,0,2
1046,"11",T14,92,73,0,2
1047,"11",T15,132,19,0,2
1048,"11",Z96,63,87,0,2
1049,"11",H04,44,104,0,2
1050,"11",Z48,64,75,0,2
1051,"11",J03,62,55,0,2
1052,"11",C53,0,115,0,2
1053,"11",N72,0,110,0,2
1054,"11",B37,3,106,0,2
1055,"11",H16,67,32,0,2
1056,"11",C64,54,43,0,2
1057,"11",F41,27,67,0,2
1058,"11",R99,570,1103,1,2
1059,"12",N18,4765,1642,0,2
1060,"12",Z01,46,3485,0,2
1061,"12",N39,386,2301,0,2
1062,"12",Z34,0,1926,0,2
1063,"12",Z33,0,1745,0,2
1064,"12",A09,613,747,0,2
1065,"12",N89,0,1182,0,2
1066,"12",K31,393,761,1,2
1067,"12",E14,308,653,0,2
1068,"12",E28,0,953,0,2
1069,"12",H26,421,444,0,2
1070,"12",Z98,409,417,0,2
1071,"12",C91,391,432,0,2
1072,"12",Z96,414,406,0,2
1073,"12",N76,0,801,0,2
1074,"12",I10,328,461,0,2
1075,"12",Z71,170,580,0,2
1076,"12",H52,293,454,0,2
1077,"12",E11,173,459,0,2
1078,"12",N72,0,597,0,2
1079,"12",H40,301,268,0,2
1080,"12",J18,278,288,0,2
1081,"12",J06,248,308,0,2
1082,"12",B37,33,430,0,2
1083,"12",H11,222,212,0,2
1084,"12",H66,189,238,0,2
1085,"12",N95,0,411,0,2
1086,"12",H10,157,205,0,2
1087,"12",H04,108,247,0,2
1088,"12",Z00,135,211,0,2
1089,"12",R99,1222,3237,0,2
1090,"13",Z01,71,3108,0,2
1091,"13",N18,1871,1103,1,2
1092,"13",N39,254,1296,0,2
1093,"13",N76,0,1234,0,2
1094,"13",Z33,0,996,0,2
1095,"13",Z34,0,975,0,2
1096,"13",A09,362,535,0,2
1097,"13",E11,224,520,0,2
1098,"13",C91,396,307,0,2
1099,"13",I10,252,427,0,2
1100,"13",Z71,160,402,1,2
1101,"13",J00,199,230,0,2
1102,"13",K29,157,268,1,2
1103,"13",K58,120,283,0,2
1104,"13",E14,150,250,0,2
1105,"13",N83,0,368,0,2
1106,"13",J18,180,183,0,2
1107,"13",Z98,168,186,0,2
1108,"13",A01,144,197,0,2
1109,"13",T14,162,177,0,2
1110,"13",E28,0,333,0,2
1111,"13",E78,129,196,0,2
1112,"13",J06,128,192,0,2
1113,"13",K31,101,210,0,2
1114,"13",J03,120,160,0,2
1115,"13",M54,134,129,0,2
1116,"13",H66,114,133,0,2
1117,"13",H52,107,129,0,2
1118,"13",Z00,108,113,0,2
1119,"13",Z30,3,218,0,2
1120,"13",R99,646,1227,1,2
1121,"14",Z01,170,4138,0,2
1122,"14",N18,1517,638,8,2
1123,"14",Z34,0,1988,0,2
1124,"14",N39,323,1561,0,2
1125,"14",Z33,0,1781,0,2
1126,"14",A09,668,1036,0,2
1127,"14",I10,447,907,0,2
1128,"14",K31,382,793,0,2
1129,"14",E14,353,711,0,2
1130,"14",K29,319,742,0,2
1131,"14",K58,235,656,0,2
1132,"14",C91,559,299,0,2
1133,"14",M54,226,384,0,2
1134,"14",N76,0,595,0,2
1135,"14",Z71,186,404,0,2
1136,"14",J18,241,297,0,2
1137,"14",J03,239,277,0,2
1138,"14",Z30,6,497,0,2
1139,"14",N89,0,491,0,2
1140,"14",E11,153,294,0,2
1141,"14",N92,0,418,0,2
1142,"14",J06,182,191,0,2
1143,"14",J00,182,164,0,2
1144,"14",U07,161,164,0,2
1145,"14",H66,120,185,0,2
1146,"14",Z98,131,174,0,2
1147,"14",B82,125,178,0,2
1148,"14",E78,97,190,0,2
1149,"14",Z00,129,148,0,2
1150,"14",H52,105,160,0,2
1151,"14",R99,891,1923,0,2
1152,"15",N39,119,605,0,2
1153,"15",Z01,38,336,0,2
1154,"15",A09,155,204,0,2
1155,"15",Z33,0,356,0,2
1156,"15",N18,224,116,6,2
1157,"15",I10,152,152,1,2
1158,"15",U07,181,81,0,2
1159,"15",E14,99,132,1,2
1160,"15",M06,48,177,0,2
1161,"15",H52,91,128,0,2
1162,"15",H40,121,91,0,2
1163,"15",B98,78,130,0,2
1164,"15",K31,48,127,0,2
1165,"15",C91,24,150,0,2
1166,"15",K58,54,106,0,2
1167,"15",A06,56,88,0,2
1168,"15",J06,75,68,0,2
1169,"15",Z98,83,55,0,2
1170,"15",E11,38,99,0,2
1171,"15",J00,89,48,0,2
1172,"15",J03,60,75,2,2
1173,"15",N76,0,137,0,2
1174,"15",Z34,0,137,0,2
1175,"15",Z00,56,70,0,2
1176,"15",Z96,50,74,2,2
1177,"15",M54,71,52,0,2
1178,"15",L70,34,86,0,2
1179,"15",Z71,52,61,0,2
1180,"15",H66,46,63,0,2
1181,"15",A97,55,49,0,2
1182,"15",R99,250,430,2,2
1183,"16",Z01,79,2295,0,2
1184,"16",Z34,0,1525,0,2
1185,"16",N39,123,919,0,2
1186,"16",H52,367,508,0,2
1187,"16",Z33,0,602,0,2
1188,"16",A09,304,295,0,2
1189,"16",N76,0,512,0,2
1190,"16",H10,191,228,0,2
1191,"16",N92,0,383,0,2
1192,"16",C91,126,254,0,2
1193,"16",E14,124,216,0,2
1194,"16",Z98,183,157,0,2
1195,"16",Z71,108,231,0,2
1196,"16",J00,164,150,0,2
1197,"16",Z30,2,300,0,2
1198,"16",T15,270,29,0,2
1199,"16",H40,100,185,0,2
1200,"16",I10,97,187,0,2
1201,"16",H26,157,124,0,2
1202,"16",H11,125,119,0,2
1203,"16",K31,90,132,0,2
1204,"16",U07,180,42,0,2
1205,"16",H04,71,130,0,2
1206,"16",M54,71,122,0,2
1207,"16",N72,0,190,0,2
1208,"16",N89,0,181,0,2
1209,"16",K58,42,136,0,2
1210,"16",S05,131,41,0,2
1211,"16",Z00,99,73,0,2
1212,"16",N94,0,163,0,2
1213,"16",R99,375,912,0,2
1214,"17",Z01,5,1754,0,2
1215,"17",Z34,0,1258,0,2
1216,"17",N39,102,604,0,2
1217,"17",C91,362,294,0,2
1218,"17",N89,0,643,0,2
1219,"17",Z33,0,618,0,2
1220,"17",I10,222,372,0,2
1221,"17",A09,264,291,1,2
1222,"17",N76,0,460,0,2
1223,"17",E14,143,262,0,2
1224,"17",N18,199,145,0,2
1225,"17",N72,0,331,0,2
1226,"17",Z00,143,188,0,2
1227,"17",U07,165,163,0,2
1228,"17",K29,113,175,0,2
1229,"17",K58,56,206,1,2
1230,"17",E28,0,262,0,2
1231,"17",E11,53,152,0,2
1232,"17",Z71,18,174,0,2
1233,"17",D64,61,122,0,2
1234,"17",M54,88,81,0,2
1235,"17",J00,67,98,0,2
1236,"17",N92,0,161,0,2
1237,"17",N73,0,153,0,2
1238,"17",K31,58,94,0,2
1239,"17",K59,29,107,0,2
1240,"17",C53,0,128,0,2
1241,"17",H66,55,73,0,2
1242,"17",C69,120,5,0,2
1243,"17",D25,0,113,0,2
1244,"17",R99,430,981,0,2
1245,"18",Z01,14,2929,0,2
1246,"18",Z34,0,1233,0,2
1247,"18",N76,0,922,0,2
1248,"18",Z33,0,706,0,2
1249,"18",I10,219,434,0,2
1250,"18",E14,183,464,0,2
1251,"18",N39,75,572,0,2
1252,"18",K58,103,401,0,2
1253,"18",C91,113,247,0,2
1254,"18",Z30,4,287,0,2
1255,"18",N89,0,265,0,2
1256,"18",Z71,78,173,0,2
1257,"18",M54,93,139,0,2
1258,"18",F41,52,165,0,2
1259,"18",K29,60,157,0,2
1260,"18",N83,0,206,0,2
1261,"18",A09,80,123,0,2
1262,"18",Z98,102,100,0,2
1263,"18",N72,0,195,0,2
1264,"18",B37,0,192,0,2
1265,"18",D64,58,115,0,2
1266,"18",N92,0,166,0,2
1267,"18",H66,78,87,0,2
1268,"18",H52,61,89,0,2
1269,"18",C53,0,146,0,2
1270,"18",U07,66,71,0,2
1271,"18",N73,0,135,0,2
1272,"18",E28,0,133,0,2
1273,"18",E78,36,90,0,2
1274,"18",K31,44,78,0,2
1275,"18",R99,300,1042,0,2
1276,"19",Z01,54,1780,0,2
1277,"19",N73,0,797,0,2
1278,"19",N89,0,688,0,2
1279,"19",B37,0,557,0,2
1280,"19",H52,177,316,0,2
1281,"19",C91,160,224,0,2
1282,"19",N72,0,347,0,2
1283,"19",T15,303,30,0,2
1284,"19",H26,155,159,0,2
1285,"19",Z30,0,287,0,2
1286,"19",H40,103,174,0,2
1287,"19",H11,128,145,0,2
1288,"19",Z98,144,125,0,2
1289,"19",N39,50,197,0,2
1290,"19",Z96,122,118,0,2
1291,"19",H04,72,153,0,2
1292,"19",H10,104,112,0,2
1293,"19",Z34,0,212,0,2
1294,"19",E14,65,138,0,2
1295,"19",N76,0,178,0,2
1296,"19",N18,136,32,0,2
1297,"19",K29,73,89,0,2
1298,"19",U07,72,73,0,2
1299,"19",H61,82,62,0,2
1300,"19",I10,60,84,0,2
1301,"19",S05,87,38,0,2
1302,"19",Z71,41,76,0,2
1303,"19",H00,30,66,0,2
1304,"19",E11,44,51,0,2
1305,"19",C53,0,88,0,2
1306,"19",R99,47,161,0,2
1307,"20",H52,280,542,0,2
1308,"20",Z01,63,429,0,2
1309,"20",H26,179,216,0,2
1310,"20",H11,135,152,0,2
1311,"20",H10,128,154,0,2
1312,"20",E14,105,175,0,2
1313,"20",Z98,153,127,0,2
1314,"20",H40,96,163,0,2
1315,"20",C91,125,82,0,2
1316,"20",I10,68,108,0,2
1317,"20",H04,46,125,0,2
1318,"20",Z96,85,83,0,2
1319,"20",N18,132,32,0,2
1320,"20",T15,130,26,0,2
1321,"20",S05,123,21,0,2
1322,"20",U07,70,73,0,2
1323,"20",C69,111,12,0,2
1324,"20",Z71,50,73,0,2
1325,"20",H61,51,68,0,2
1326,"20",N39,31,84,0,2
1327,"20",N73,0,114,0,2
1328,"20",Z33,0,106,0,2
1329,"20",N89,0,103,0,2
1330,"20",H00,49,50,0,2
1331,"20",A09,42,50,0,2
1332,"20",H57,43,44,0,2
1333,"20",H35,37,45,0,2
1334,"20",N72,0,78,0,2
1335,"20",T14,36,41,0,2
1336,"20",B37,3,67,0,2
1337,"20",R99,111,172,0,2
1338,"21",N18,1550,844,7,2
1339,"21",N03,516,175,0,2
1340,"21",C91,187,247,0,2
1341,"21",Z01,41,305,0,2
1342,"21",E14,83,147,11,2
1343,"21",N39,44,130,1,2
1344,"21",A09,76,86,0,2
1345,"21",I10,69,93,0,2
1346,"21",H52,67,92,0,2
1347,"21",Z34,0,124,0,2
1348,"21",L70,33,85,0,2
1349,"21",K29,29,84,2,2
1350,"21",K58,31,74,0,2
1351,"21",U07,71,32,0,2
1352,"21",Z98,52,46,1,2
1353,"21",H40,51,44,0,2
1354,"21",Z33,0,88,0,2
1355,"21",K31,33,39,0,2
1356,"21",H66,34,33,0,2
1357,"21",C53,0,66,0,2
1358,"21",H10,21,45,0,2
1359,"21",C64,57,8,0,2
1360,"21",J06,31,32,1,2
1361,"21",C50,0,63,0,2
1362,"21",L81,5,56,0,2
1363,"21",Z71,23,36,0,2
1364,"21",I87,8,49,0,2
1365,"21",H26,31,25,0,2
1366,"21",M54,26,30,0,2
1367,"21",B35,17,34,0,2
1368,"21",R99,135,255,7,2
1369,"22",N18,5080,2130,7,2
1370,"22",Z01,86,4892,0,2
1371,"22",N03,1675,591,0,2
1372,"22",N39,160,867,0,2
1373,"22",N76,0,929,0,2
1374,"22",Z34,0,914,0,2
1375,"22",A09,317,358,0,2
1376,"22",Z33,0,647,0,2
1377,"22",N89,0,624,0,2
1378,"22",C91,300,233,0,2
1379,"22",Z98,175,356,0,2
1380,"22",U07,230,275,0,2
1381,"22",H52,175,311,0,2
1382,"22",N72,0,472,0,2
1383,"22",I10,117,325,0,2
1384,"22",N92,0,400,0,2
1385,"22",E14,121,257,1,2
1386,"22",N19,244,135,0,2
1387,"22",J18,195,170,0,2
1388,"22",Z30,3,342,0,2
1389,"22",L70,75,258,0,2
1390,"22",H40,122,188,0,2
1391,"22",K31,65,188,0,2
1392,"22",Z96,103,138,0,2
1393,"22",Z76,132,108,0,2
1394,"22",J06,99,136,0,2
1395,"22",M54,83,144,0,2
1396,"22",F41,55,167,0,2
1397,"22",J00,122,100,0,2
1398,"22",E28,0,197,0,2
1399,"22",R99,450,982,1,2
1400,"23",H26,128,113,0,2
1401,"23",U07,65,56,0,2
1402,"23",Z96,57,64,0,2
1403,"23",H40,58,45,0,2
1404,"23",Z98,53,48,0,2
1405,"23",E14,40,55,0,2
1406,"23",H11,37,52,0,2
1407,"23",H52,32,54,0,2
1408,"23",Z01,3,53,0,2
1409,"23",H16,33,8,0,2
1410,"23",C91,1,39,0,2
1411,"23",H10,17,22,0,2
1412,"23",H04,8,24,0,2
1413,"23",I10,11,19,0,2
1414,"23",N39,4,23,0,2
1415,"23",H57,14,9,0,2
1416,"23",Z34,0,22,0,2
1417,"23",A09,12,9,0,2
1418,"23",S05,16,5,0,2
1419,"23",H35,10,9,0,2
1420,"23",H44,6,11,0,2
1421,"23",Z41,0,16,0,2
1422,"23",N72,0,15,0,2
1423,"23",E11,4,9,0,2
1424,"23",E28,0,13,0,2
1425,"23",K31,7,6,0,2
1426,"23",Z71,4,9,0,2
1427,"23",C53,0,12,0,2
1428,"23",H01,3,9,0,2
1429,"23",M54,6,6,0,2
1430,"23",R99,23,41,0,2
1431,"99",Z01,0,27,0,2
1432,"99",Z34,0,11,0,2
1433,"99",N89,0,8,0,2
1434,"99",N92,0,6,0,2
1435,"99",Z30,0,6,0,2
1436,"99",A63,0,4,0,2
1437,"99",D25,0,4,0,2
1438,"99",N39,0,4,0,2
1439,"99",N40,4,0,0,2
1440,"99",N76,0,4,0,2
1441,"99",N95,0,4,0,2
1442,"99",Z71,2,2,0,2
1443,"99",D24,0,3,0,2
1444,"99",E28,0,3,0,2
1445,"99",N60,0,3,0,2
1446,"99",N72,0,3,0,2
1447,"99",C50,0,2,0,2
1448,"99",C85,0,2,0,2
1449,"99",H11,0,1,1,2
1450,"99",I50,1,1,0,2
1451,"99",N64,0,2,0,2
1452,"99",N73,0,2,0,2
1453,"99",T14,2,0,0,2
1454,"99",A09,1,0,0,2
1455,"99",B37,0,1,0,2
1456,"99",E24,0,1,0,2
1457,"99",E73,1,0,0,2
1458,"99",G54,1,0,0,2
1459,"99",H00,1,0,0,2
1460,"99",H25,0,0,1,2
1461,"99",R99,2,7,0,2
